nameOrig,Sum_of_transactions
C1715283297,92445516.64
C2127282686,73823490.36
C2044643633,71172480.42
C1425667947,69886731.3
C1584456031,69337316.27
C811810230,67500761.29
C420748282,66761272.21
C1139847449,64234448.19
C300140823,63847992.58
C372535854,63294839.63
C1539737626,62785416.91
C915403211,61733761.65
C453740720,60965275.64
C68968235,60642003.0
C31593462,60154456.05
C1273768806,59579503.33
C24299338,58944752.64
C1423766399,58318373.2
C208486812,57787800.93
C1139460122,57436619.46
C1621759239,57229615.71
C256698564,56951424.46
C1845534968,56808983.21
C2043083172,56654831.14
C50811564,56254995.44
C1293276010,55607114.09
C1680772125,55129569.83
C173148914,54561579.68
C1440084225,53957543.97
C140591783,53920358.88
C1960608501,53851053.08
C1937630471,53735587.33
C1408116717,53670510.99
C1163102205,53653616.57
C2120801782,53612432.52
C1223028177,52042803.47
C2144929087,51990860.85
C6333741,51729490.03
C515250662,51683728.91
C2094706712,51496952.25
C893113779,51391814.47
C962484785,51324118.36
C1483754162,51141938.17
C988219650,51103331.91
C1942982352,50723281.59
C1043576460,50556773.92
C1092148827,50284915.57
C1260344462,49866234.71
C821543017,49580968.52
C1585432592,49522819.36
C253892701,49507088.19
C1753244211,49500156.98
C1301835320,49380263.91
C1983948243,49316443.77
C831435828,49203983.59
C152536544,49142625.14
C1774402263,48932770.05
C155474398,48724097.09
C689906292,48672213.16
C1275690114,48464778.69
C1692196711,48391417.1
C865139105,48035924.46
C123249678,47980266.33
C1084869780,47952846.94
C1049185843,47825067.55
C1852022720,47579634.65
C298757438,47542583.98
C539714486,47504216.38
C744401564,47463371.62
C503937936,47288336.09
C1622870367,47107862.46
C1944832737,47009785.39
C1335021824,46874551.96
C184899407,46837065.98
C866532689,46751398.17
C661511930,46714620.46
C69207480,46714461.77
C891821473,46698160.51
C256397271,46369901.83
C1177251642,45940069.72
C812016560,45753877.29
C604492107,45744606.08
C240100497,45372634.63
C646554535,45083035.09
C748391366,44964012.64
C543086845,44757554.09
C1475793899,44528076.23
C1861117738,44125125.22
C1697395210,43886668.1
C626152842,43746302.68
C1701964888,43638406.64
C812415403,43458810.55
C1943142760,43143717.48
C114509514,42684988.59
C1269201229,42242482.73
C1835360608,42183808.56
C55478598,41988600.77
C1237771660,41963708.15
C1011191693,41818052.2
C1327783656,41781250.27
C1495660404,41708576.34
C1531243345,41550102.96
C1122413066,40891132.65
C1663543587,40857125.46
C1081865515,40844510.2
C1101406132,40838510.15
C445600135,40782666.97
C1773319125,40686891.57
C385252041,40639589.17
C231288689,40576871.68
C464295785,40562026.03
C1729518588,40492320.04
C69208486,40351145.29
C1809570001,40292024.41
C2001829093,40250579.28
C1771121765,40236233.44
C934522306,40199304.54
C1798940891,39885142.2
C1246682805,39872924.53
C625118656,39864609.18
C146260131,39840967.18
C716386562,39741457.41
C596895684,39734876.04
C1793966542,39725690.2
C2054597055,39552821.21
C277288428,39487609.75
C1098888868,39315553.37
C230721320,39310200.83
C1741076564,39137326.35
C1075674067,39018162.18
C1971023464,38991659.4
C1316421293,38929156.6
C2080983471,38919599.87
C1046800462,38902482.55
C531616664,38771796.97
C317876252,38678037.1
C75830118,38657311.2
C1980920085,38531861.57
C347589610,38531247.8
C2078977034,38448653.52
C633676696,38206729.93
C1769534655,38166409.52
C1875763228,38149263.58
C2004657111,38143988.16
C2009250334,38056471.01
C1945091542,38009865.31
C327674790,37796683.98
C1312906425,37753298.86
C1090195949,37745847.52
C889809184,37726798.24
C2133858182,37663153.97
C1551396234,37618204.8
C189794691,37595238.58
C1473635164,37503549.74
C841101923,37485029.22
C1524335354,37448116.09
C102829469,37387628.1
C1190626452,37386095.77
C318209348,37331957.64
C670639294,37151106.23
C1452457861,37127946.05
C1929249489,37099247.65
C5601306,37054408.95
C590294897,37014676.31
C1971949990,36980169.12
C1041279319,36973901.85
C779616110,36958848.94
C2004560688,36955718.04
C1399227772,36946551.76
C1177923418,36819298.63
C1977498087,36808025.57
C391379708,36788481.69
C1979779411,36680906.28
C1251345685,36562450.21
C1442673049,36550614.18
C184251603,36332904.42
C1172583796,36196873.65
C1326958551,36190507.54
C978763175,36182852.64
C1476496404,36164257.01
C396524829,36152874.77
C1047232372,36115106.82
C120440051,36090712.11
C1616413731,36012019.81
C1531197205,35950817.2
C1832195283,35939629.62
C1593102274,35933239.52
C1248276989,35933031.22
C2126127923,35922057.76
C925134290,35898999.64
C2027396203,35894320.06
C1349367295,35848706.42
C745981761,35819853.11
C292308787,35797147.01
C1723260859,35787720.39
C1777794197,35693811.98
C41081789,35664282.83
C1786916289,35588315.04
C1025939899,35578478.92
C1082375488,35577062.04
C1551488980,35535682.52
C1556101780,35445835.01
C1505854552,35394978.27
C1998525990,35352166.34
C92581683,35276530.54
C619720581,35271872.52
C621534543,35156816.25
C2025015781,35085968.43
C436050676,35068479.81
C1084961202,35018808.0
C1018418701,35008092.45
C394979337,34973702.52
C60200644,34943546.38
C1182130738,34922469.56
C268683253,34914880.75
C1076609603,34860074.9
C376869267,34798476.89
C489883234,34785046.69
C1453605570,34768753.65
C170977668,34759846.17
C964007698,34662648.59
C1685803300,34656395.33
C313716887,34637467.56
C1788896326,34594407.59
C1516273183,34539092.93
C530613895,34518571.97
C1595257447,34459697.52
C1083403839,34455206.77
C1009987242,34385056.77
C549319079,34305869.54
C1720436586,34233590.44
C1277585791,34224285.59
C1543062100,34206656.5
C679754517,34166523.26
C1920591060,34124526.94
C1026363971,34114375.58
C629712073,34051286.39
C1194712625,33954171.2
C1316170232,33915309.15
C178545406,33897357.93
C38577361,33828388.15
C530094846,33806338.03
C1623333631,33793100.0
C1587463343,33785599.39
C33817990,33751577.04
C607666845,33720469.39
C1760415550,33634827.65
C1532333905,33565429.67
C2105773658,33524665.3
C1635648823,33510864.84
C81357706,33460043.08
C1971552782,33411243.26
C480633082,33286876.32
C738006334,33276051.47
C1732390561,33183887.07
C488445524,33181929.4
C1672304119,33181827.02
C98177732,33132673.72
C2058005210,33070860.87
C1633788245,33069661.46
C1568995278,33050378.39
C1260192893,33027439.34
C513090315,32915874.73
C728044836,32896750.63
C518607630,32895354.4
C584765160,32893689.19
C2041438689,32838109.81
C1620913175,32828130.33
C582922071,32747152.75
C332071605,32713935.3
C791448825,32704137.56
C14842210,32585551.65
C1184321735,32572996.87
C1512180588,32520860.95
C1750519179,32493379.7
C628724744,32472429.48
C484679999,32393490.24
C183836878,32364464.23
C342398736,32348870.41
C208859877,32339590.66
C1363464542,32278941.07
C147746764,32234897.52
C940347809,32225698.01
C1510283995,32198149.28
C206223994,32175719.9
C92835612,32154739.72
C523002749,32123790.51
C1438212901,32095733.67
C68612687,31957701.91
C1972083223,31949914.71
C1159674484,31925168.1
C629399423,31925067.54
C839117858,31922442.33
C1083523322,31886745.04
C1916107536,31866120.39
C1573529483,31762947.76
C183256540,31632609.45
C471161766,31594220.51
C650238375,31568893.77
C1124226135,31566146.19
C600447721,31549315.62
C830945111,31520145.52
C1275289547,31497157.85
C1340580782,31485808.69
C129944225,31479113.67
C1261995462,31467903.36
C598177993,31383602.57
C708522799,31320954.69
C50702401,31264514.49
C820643524,31251397.65
C1387351988,31232667.92
C923093423,31163785.14
C1125352866,31150194.51
C1414844949,31140982.87
C1286726984,31112463.8
C789446249,31063924.16
C1673547288,31045915.68
C1962578260,31042952.58
C807259089,31034484.52
C390428065,31008869.01
C2096304725,30995785.16
C383401007,30970840.59
C1023668072,30884197.78
C1001742979,30884192.9
C2085942463,30873729.61
C743488823,30873155.36
C25511325,30850541.98
C922318945,30848998.63
C1975254090,30752968.19
C1732779127,30663365.61
C1800693711,30638354.89
C993658588,30631689.62
C406832442,30630158.39
C1182452240,30620873.42
C1100410968,30583732.28
C477553292,30564814.84
C192371038,30442028.47
C1681033826,30435465.36
C458058672,30407556.08
C1952476372,30331814.43
C711039936,30314416.0
C385076757,30311784.599999998
C528034819,30304601.21
C614853019,30289987.36
C353245429,30279522.61
C1494635217,30238359.16
C170775932,30176172.62
C577991916,30167405.87
C1204040421,30106978.54
C1850507083,30094536.76
C578190255,30069049.94
C125759232,30051944.2
C718842827,30038124.77
C119338063,30033628.73
C1236104616,29979433.73
C2066736252,29924719.96
C999878136,29922081.67
C887154101,29910224.38
C1994343691,29903345.26
C1289440255,29802113.19
C2145280837,29774652.28
C71678551,29748471.36
C1656583718,29733016.27
C353198664,29729563.63
C1191310740,29725181.85
C1371587316,29642476.68
C1361430680,29581699.45
C425634143,29488807.58
C1672982474,29425663.23
C788360480,29395971.14
C1501493746,29392617.53
C1230329260,29354192.57
C1832670361,29349278.7
C1337595391,29322769.76
C12403900,29300798.03
C879520606,29274139.03
C161845266,29248713.79
C1175785549,29205882.12
C197810089,29203107.01
C1225399194,29167613.47
C719740019,29161080.08
C997363429,29146768.69
C49114364,29086634.56
C959382680,29042546.77
C1169868445,28999373.41
C392557585,28979346.84
C621718350,28976537.92
C891250969,28932912.91
C1313819692,28909702.22
C1253079033,28895882.53
C228767622,28855261.45
C1117229889,28828704.14
C1526647387,28825574.88
C1667108697,28792687.74
C172858776,28685824.81
C765197285,28617438.58
C743259767,28497014.87
C1168069310,28492906.01
C1003422978,28432633.72
C1695957634,28405085.8
C320268178,28389755.25
C187049358,28363974.79
C566169398,28361919.68
C169323780,28296797.86
C1669981836,28212712.04
C1937125986,28205221.17
C995570325,28159546.32
C1107948879,28120692.86
C1280153991,28054075.94
C1543531480,28044905.96
C882284085,28039443.31
C1820712031,28002845.53
C1265692742,27994729.49
C1175472760,27986074.15
C598154353,27962248.25
C267892591,27928767.84
C1391925805,27926438.26
C1426219136,27898189.96
C1459702162,27859319.82
C535114352,27792448.29
C1168353762,27778424.89
C1867857857,27703038.81
C559304798,27646001.59
C704504838,27638280.03
C532248280,27628242.31
C566758972,27626977.27
C1298505038,27605703.42
C1545425967,27579051.48
C1981402616,27563766.41
C523459061,27561375.43
C1766883669,27553750.65
C1243889127,27534983.42
C1696224835,27484575.99
C1707638805,27468777.23
C738838586,27327325.03
C324239756,27249961.03
C894440208,27171532.93
C1375810139,27171284.89
C1550303741,27156212.43
C449945225,27152231.28
C1287288161,27084362.42
C1809896564,27045408.93
C1688734257,27037055.88
C1972776275,26993442.16
C1773658184,26980499.49
C1743697738,26973894.86
C1514972591,26972542.1
C1662464358,26904754.91
C933553584,26903967.83
C419316563,26901118.7
C87592308,26822673.76
C942104733,26777295.45
C1095526464,26721084.9
C624944133,26703530.41
C1598015324,26675058.91
C920913031,26628070.14
C371210855,26614100.55
C19138823,26551749.24
C371381343,26522532.52
C1893435637,26515441.12
C1943526895,26502529.19
C137160401,26489997.24
C1841452467,26457619.96
C1421969256,26439334.75
C190554010,26405643.34
C2006898164,26364429.48
C1642245289,26346544.74
C1508556112,26296872.4
C1002061774,26234188.21
C2002749387,26207362.03
C1670532398,26191459.19
C11637646,26172789.1
C1244570364,26129020.16
C1657960659,26122298.18
C2015273986,26078945.85
C127938067,26054999.1
C641817764,26036799.85
C1982215592,26033345.9
C1943135550,26000934.92
C436406406,25990087.35
C2002526426,25952676.81
C2128717602,25941019.63
C126362999,25938566.02
C1350569527,25913261.98
C1313169305,25844507.29
C891246737,25841933.11
C994609303,25840806.54
C245139496,25825641.37
C1289020569,25817534.79
C1951414046,25799907.86
C1455308835,25786525.63
C449241816,25762819.08
C1451158473,25659999.77
C1124706287,25651406.54
C649996623,25641018.81
C617833265,25640699.38
C1714613851,25625366.53
C1920233194,25613845.81
C885938333,25609603.42
C254616274,25558261.26
C427385435,25549837.22
C551487119,25539985.04
C348672042,25537228.59
C585196840,25515987.86
C1290193714,25488969.48
C810505598,25457350.28
C1422839202,25431576.19
C887749573,25430475.84
C1676023417,25418474.17
C465993614,25406663.97
C1245720317,25406394.08
C1465564570,25364027.41
C884995701,25346513.97
C536450640,25285060.51
C2017926143,25284498.92
C691633854,25211638.1
C716539842,25191626.41
C594965264,25181397.55
C2103541807,25164587.29
C156600776,25161783.54
C2095672000,25150812.84
C960156586,25107947.96
C407051356,25102618.63
C962712321,25052383.24
C1544516101,24991611.22
C1373382549,24965968.23
C1086933587,24959290.63
C1905757781,24937761.48
C2145266505,24927214.1
C1582000699,24926547.18
C277331180,24898574.07
C1037380555,24869596.63
C160644462,24860001.85
C236465733,24838537.77
C1263440760,24804812.27
C623987066,24797581.8
C2040122898,24777906.85
C1958620793,24750883.08
C723071266,24745770.42
C1678420688,24743723.23
C1306597614,24721333.91
C1025223884,24666618.17
C21973006,24663758.13
C1382931735,24627928.58
C500235149,24581022.28
C844890068,24529853.28
C1688881557,24507259.23
C196703060,24498870.83
C1406624799,24485437.08
C1576451498,24464585.94
C1087167148,24407185.51
C1582344102,24392853.38
C1059780093,24376129.88
C37432101,24333402.9
C34922470,24306207.55
C483461750,24293633.17
C1666560485,24288781.97
C927381638,24285984.25
C1432985786,24254241.62
C1089947818,24223624.57
C2018812924,24217755.02
C236011797,24201376.24
C1485894065,24194063.65
C2034341245,24185366.55
C609621521,24171230.17
C1255417607,24170374.01
C1445162342,24131023.77
C1125023912,24126508.32
C632079286,24124382.64
C181189928,24115579.73
C1302296244,24098448.46
C1609437529,24098215.74
C1634248278,24072184.13
C2078388947,24065609.54
C1497815394,24056844.64
C1028418367,24010645.99
C1929774487,23988003.29
C2145557479,23955271.39
C573837343,23952715.38
C1455484002,23938004.74
C2104932733,23906888.71
C165670978,23904480.99
C891098606,23883820.49
C1855735860,23870399.92
C1723890270,23842918.59
C816341132,23832376.51
C1104591023,23818155.09
C1578714609,23743060.24
C750123004,23742401.0
C1062535519,23697296.25
C837745698,23695249.33
C1082560246,23689215.64
C622002759,23682324.52
C99667708,23678640.73
C1709550812,23661142.94
C1339787537,23648914.29
C597080542,23638854.98
C371409957,23620926.94
C204877075,23616438.53
C2035175467,23568486.71
C1915764107,23541333.63
C515885166,23496309.32
C669455271,23492886.25
C412043613,23479726.99
C1478770620,23467704.64
C968876500,23467445.62
C1646236139,23464142.01
C1590294576,23448789.78
C1848238880,23420639.58
C1852801310,23407621.44
C738713996,23403229.7
C2112016245,23402909.77
C828491041,23391500.89
C1491253085,23334810.81
C1074861133,23330626.98
C2091551359,23324032.07
C1399643310,23294473.42
C1390673862,23275664.11
C1999313816,23228079.36
C1542494659,23217833.48
C637764402,23194393.48
C1311963329,23193004.01
C1072861941,23157422.77
C903793852,23154169.18
C1257524161,23143904.94
C823701970,23142856.42
C772432256,23121062.57
C788039719,23119761.83
C1179879087,23105862.44
C1041914844,23097400.7
C1776390461,23058819.42
C265490212,22994514.76
C799495205,22962284.87
C271854844,22956000.63
C2063817135,22936329.93
C222616575,22935163.73
C1621466416,22925830.02
C1710369141,22900998.11
C2032511839,22888796.0
C1237991204,22885224.34
C632309450,22811945.36
C815272084,22800768.5
C704104644,22787941.96
C1646345024,22768890.97
C868151592,22767668.5
C1728371800,22730641.11
C1917753308,22689607.56
C2139048034,22689562.14
C2069312924,22687460.25
C1113869074,22669184.56
C896903193,22641968.26
C1845038136,22607709.85
C2131578580,22560144.4
C157611509,22546810.55
C1205149311,22541725.68
C1455658129,22530744.81
C188869936,22501230.61
C1326839139,22487765.85
C1684735083,22468145.75
C1344642379,22460371.9
C319221096,22429446.15
C215080152,22429118.96
C1585518402,22398131.12
C1712295766,22388087.72
C1529020182,22379581.57
C1248306329,22378835.11
C208329746,22349827.12
C702955316,22315717.19
C250468227,22291885.33
C568202677,22286816.13
C1400363543,22283786.32
C1511368134,22279423.34
C27677723,22256317.04
C1208896566,22254534.22
C1465725874,22252044.28
C1892950249,22250227.6
C755133500,22247418.92
C1103525093,22190392.67
C824952778,22131508.66
C1746853984,22116719.09
C1723789467,22095655.53
C815328636,22054241.96
C41466638,22053943.5
C2029372395,22046070.66
C1992231943,22032459.72
C289247,22003938.73
C560508233,21981396.61
C292807754,21980004.98
C1601296511,21978017.31
C1615466611,21966241.31
C1259855626,21961767.5
C2016696576,21948885.73
C2098885079,21920942.25
C1623958802,21919713.61
C2092347686,21907242.65
C1862313856,21887216.87
C1632644601,21835988.22
C1930944406,21826057.08
C262962433,21791274.49
C762582136,21782098.42
C2137655186,21764745.53
C550713088,21745237.55
C715445293,21743897.35
C1685295215,21743040.01
C1354928643,21726741.78
C1294816356,21701961.98
C1690842469,21692167.41
C1811315375,21681079.21
C1854664982,21646686.55
C1494577774,21607489.63
C1560421779,21593544.57
C967510047,21555246.39
C2052359795,21521794.02
C915073996,21514898.85
C17727023,21502967.74
C621607831,21500679.08
C919838214,21488344.74
C1649315463,21464819.71
C1404700381,21453918.13
C1949520965,21429362.14
C1789698236,21407641.68
C1546743957,21390845.41
C952958807,21368280.88
C1871952911,21363579.19
C1546307260,21342171.58
C129619778,21306717.27
C433416354,21300322.58
C1556481953,21259538.14
C1966901640,21245351.51
C1506053377,21223333.31
C1891483689,21218086.99
C1829604032,21214678.05
C1916838724,21203209.71
C104955442,21192096.79
C1421258455,21189059.74
C658894985,21180950.75
C119179055,21143716.54
C481996635,21139818.26
C163998907,21139038.31
C2133011035,21138930.57
C2144190304,21137131.93
C977002279,21134849.26
C320765058,21127899.13
C1744392408,21122955.46
C927462251,21102431.53
C1317011842,21076583.11
C1534780687,21058476.5
C89960341,21051833.15
C1693621007,21051090.61
C1696369332,21048261.58
C1024243990,21047147.89
C1690306594,21019157.59
C216791800,21017138.92
C601774538,21003350.41
C144556567,20992104.32
C990806761,20978187.74
C916571392,20962980.11
C1032864851,20953797.74
C1783075050,20948803.05
C1110779546,20946809.02
C688334226,20920557.22
C757204460,20860526.08
C787553288,20854741.18
C1350487416,20846520.61
C1357223417,20830601.68
C1331682853,20806356.03
C676797940,20797882.39
C1980218750,20775595.59
C1903875759,20758604.09
C1781311279,20757088.69
C1077345470,20751830.53
C1014851573,20750052.09
C1549128592,20744469.66
C1008665317,20733281.87
C415923572,20729145.02
C1226654312,20724093.65
C775676392,20697891.32
C1427876134,20677518.07
C1785610229,20672613.24
C270279023,20641618.0
C1440244442,20640670.79
C1836507621,20624147.61
C2051168644,20621046.83
C1877505748,20612290.24
C1016513639,20612016.52
C1573879412,20570867.89
C1608953387,20570010.47
C1776258483,20543218.24
C1575116073,20529474.29
C1206430088,20525852.08
C1709187697,20507079.49
C155947433,20502835.9
C2128403900,20501309.81
C1436606095,20494738.33
C989453394,20489883.45
C1794085603,20473702.84
C1486252600,20458737.16
C1417805000,20454978.16
C144218070,20432643.05
C890634131,20418755.82
C646814616,20415688.69
C1905725397,20397581.94
C1372492132,20372575.18
C1716942619,20366409.23
C1018418651,20332986.53
C1831752170,20251358.9
C1129563863,20237504.29
C2078962001,20214623.68
C198698428,20212540.84
C431831480,20211003.08
C1103439794,20199871.3
C970690907,20187682.27
C485933661,20177061.13
C2052286488,20170408.19
C1218001291,20159150.94
C228196182,20157499.86
C1939399250,20138221.23
C373291320,20135814.13
C84555792,20129881.69
C253519451,20128696.42
C385948493,20109178.95
C1249406349,20106124.06
C863389710,20099391.26
C388777332,20080047.13
C331404256,20072089.42
C729460978,20024142.21
C1042428652,20012946.65
C731404605,20009723.99
C1445846383,19989025.17
C478351256,19976629.47
C432426403,19973695.61
C1808976095,19953778.06
C1394594195,19907581.16
C227656960,19898194.34
C704651209,19898002.35
C758777577,19887843.92
C196454625,19883057.81
C574099669,19870455.74
C635398060,19868327.46
C959034534,19847756.45
C881501479,19840365.73
C253845944,19840273.38
C1710368360,19823147.61
C906095950,19805003.04
C2101273835,19783009.2
C589903611,19781793.51
C197400888,19760865.15
C1386529033,19759982.5
C1999568874,19756181.81
C2121003394,19752688.01
C667907183,19739262.59
C319491154,19730215.68
C1842795401,19724434.23
C294170877,19722833.51
C485827693,19717018.35
C1418395176,19712162.15
C298305428,19696945.99
C45694924,19690171.31
C1889129688,19687174.16
C1777866620,19671521.22
C11792760,19669822.63
C442604272,19669014.23
C930202336,19659343.25
C1316741701,19657596.39
C521100537,19655298.29
C935986831,19643796.31
C845128215,19639918.53
C1636654176,19638724.78
C849337327,19619523.2
C696842553,19610005.38
C399751586,19604434.03
C269790788,19602560.22
C1715233676,19601200.2
C1098033698,19590969.46
C1252136573,19588456.38
C1184998697,19578638.81
C71946847,19571109.81
C299526450,19558525.31
C1606257154,19554977.43
C57173313,19552234.31
C541227973,19548290.53
C1582087161,19526265.41
C1662170557,19509934.02
C1634156801,19494332.33
C218688766,19450650.95
C1743500338,19439042.54
C2101165270,19436240.78
C225873254,19374533.85
C1993883957,19324848.68
C1373829035,19302087.19
C982635532,19299771.19
C951935604,19274627.55
C1404635557,19165038.63
C1215728534,19161181.23
C1629035409,19142814.89
C1727705725,19142667.36
C1374006480,19112089.49
C1608477018,19102926.44
C776013573,19075539.96
C1298650483,19046855.84
C1711117387,19045924.58
C218292910,19042270.05
C1782287149,19029971.05
C499159827,19023617.22
C1381303384,19009425.23
C1549540274,18995072.79
C1957578358,18992997.49
C1335787735,18992905.09
C200110777,18990132.02
C2083782049,18987211.91
C1645913863,18981151.99
C1153957714,18967820.02
C1481401270,18958342.71
C32302491,18954696.62
C196752758,18949548.35
C1494361578,18930440.33
C387653443,18917719.55
C299996948,18898942.34
C775035931,18874374.99
C1176002291,18872539.11
C671335139,18852700.22
C1232733369,18811993.65
C450016527,18808211.46
C1488560635,18776610.67
C37801058,18772949.92
C1867845412,18759763.9
C1508381259,18736788.48
C1304623104,18734900.42
C673007562,18734711.66
C1817793010,18723037.95
C167782479,18715737.94
C194465704,18715341.65
C1492193532,18712387.67
C153108599,18692919.66
C1096580993,18645194.69
C1390352244,18642506.2
C141257740,18631821.01
C839864885,18624468.84
C191489387,18624272.5
C1943603540,18616168.93
C936356826,18608855.29
C874717526,18602186.13
C218872536,18599994.68
C314740639,18594312.1
C1411624935,18588764.05
C2133303943,18580807.07
C849070123,18577539.69
C1333620355,18568765.81
C575240886,18557757.81
C1677561922,18541934.51
C1925384323,18534768.27
C1277141527,18533952.5
C1576649855,18530178.07
C1594485619,18500754.49
C868673021,18481642.16
C723936604,18479506.42
C1385331403,18473521.39
C1993444076,18447464.11
C1093128101,18445401.9
C70980571,18435779.8
C107792432,18432420.27
C672411458,18415257.51
C89682798,18397779.58
C219724923,18392114.5
C1459397014,18390497.8
C863106680,18383683.91
C89434455,18358189.05
C1781597060,18358125.62
C504362169,18353403.35
C395610546,18325623.37
C42577384,18321135.79
C685164369,18303756.41
C342922306,18302635.12
C679640558,18297585.85
C61337776,18296875.19
C1346063355,18294358.0
C229112766,18267937.48
C428449280,18253641.81
C1142149401,18245851.4
C91558746,18243781.33
C1927064014,18231691.76
C154435424,18216809.87
C179475550,18216473.29
C1254703602,18207805.44
C1965169101,18206885.71
C669674444,18191635.03
C2015653425,18177201.71
C1086379316,18167041.26
C839972654,18167018.2
C1455631360,18165820.04
C1531011793,18163091.11
C1429481510,18159602.53
C1134801310,18155395.33
C1945074660,18151044.81
C1615148513,18141960.01
C53185704,18140762.83
C2010230209,18137255.08
C1900354364,18134694.74
C1175984461,18111983.25
C1077326407,18102644.07
C924458265,18101480.96
C1556514087,18091218.53
C1370651229,18083379.03
C1109331216,18076011.91
C696934098,18065232.54
C45285929,18054022.54
C747770450,18049592.66
C1237933058,18040298.52
C888098477,18037957.97
C364945298,18028445.21
C1374388388,18021841.87
C1189388189,18013989.8
C1534778543,18005683.14
C890260346,17992313.34
C2063928599,17978387.43
C1297462615,17947588.78
C732579326,17946963.9
C1347912300,17945416.73
C513929096,17940847.01
C242646577,17938963.63
C2051065718,17930541.2
C1826695380,17913317.12
C751087759,17906931.76
C832784911,17903829.45
C1757506738,17901982.98
C671651943,17890916.1
C244503763,17881642.31
C50633307,17879364.61
C1219429670,17874812.06
C495686655,17871966.53
C1078680771,17867316.66
C603607327,17866427.14
C1028158347,17857480.88
C478153530,17848832.44
C1465545297,17844413.69
C1606115599,17838371.34
C1773058354,17833346.2
C2107851381,17830894.04
C957304552,17818375.09
C775418367,17805585.33
C1770908498,17797063.11
C2065398513,17781800.03
C1678637689,17772449.45
C569756784,17766140.66
C1123123587,17756657.33
C977746593,17735332.62
C699131720,17731100.67
C846468185,17712985.57
C446442065,17711424.16
C294063973,17708539.11
C1296840527,17703176.98
C732396843,17697392.82
C1535494452,17687909.43
C1534860186,17686592.73
C574570265,17679472.99
C545844281,17645851.83
C1850145800,17642105.3
C573773059,17639088.76
C2018281675,17614080.4
C732382080,17613775.83
C988710280,17564182.66
C1873258188,17557602.83
C1163242078,17528486.9
C985106801,17511487.76
C1640241868,17506427.08
C570722616,17503959.09
C810511194,17492316.62
C320426830,17483897.26
C1458910977,17473206.23
C803802627,17467147.45
C397095289,17464736.1
C273591745,17441350.44
C274238274,17440646.44
C873711013,17419667.07
C1232151551,17406175.41
C950164293,17401078.37
C140070799,17392612.08
C1668745046,17390223.52
C246913312,17371481.37
C798870943,17356035.61
C391600524,17314510.6
C1224703960,17311542.34
C1542160234,17299521.93
C572822641,17288654.89
C533717990,17276077.51
C1941130084,17273260.51
C864519365,17271014.73
C710462857,17253647.71
C1135686392,17249625.92
C71114444,17244543.18
C171534619,17234739.13
C935820474,17224726.94
C782472943,17223914.14
C1451713075,17222423.25
C614014533,17216006.61
C1735247380,17213729.4
C1272088580,17199101.84
C1668670533,17198092.17
C393257841,17189559.66
C1199593373,17178877.88
C765205121,17176179.47
C1573760427,17145239.68
C2103934230,17134955.76
C1483915667,17122741.97
C1248752219,17116959.14
C278021282,17112157.89
C497837306,17112034.71
C646671668,17095746.29
C1720180133,17088603.63
C171512830,17079683.18
C1877847277,17078592.68
C1461136068,17076391.86
C1842044776,17074721.86
C505076106,17068121.39
C630202707,17060021.39
C1293239751,17053374.63
C1589632958,17050548.59
C977829701,17046300.06
C1590214537,17029127.07
C669394862,17028054.95
C1061356691,17024559.77
C77841064,17024420.05
C854018138,17019384.34
C952727134,17015811.5
C72331908,17002228.42
C416703311,16996899.44
C2104950363,16988967.91
C726794656,16974166.68
C1594446101,16972485.36
C2001136456,16964304.22
C1566352417,16962871.43
C1059848299,16955993.66
C1177776187,16954607.9
C1867706604,16944008.09
C496051401,16932178.77
C1035700459,16923115.06
C984903452,16914983.11
C298150872,16908989.44
C1025388725,16903980.89
C1403523579,16900971.84
C2046925137,16893750.83
C352211762,16877617.45
C1538960359,16870826.67
C419818712,16851884.12
C16560613,16850095.9
C175413270,16826440.4
C2084924681,16825376.74
C2019116395,16823427.35
C2120715360,16792413.19
C1541339097,16792005.83
C1225002176,16790352.67
C1618251122,16775767.46
C800919417,16773812.87
C1432845990,16772560.87
C1767466286,16766921.7
C679189901,16766348.76
C165012828,16762204.0
C1201808245,16757491.18
C1654515550,16754454.33
C372698783,16741556.85
C1291583449,16731315.48
C1290617097,16727854.18
C150783217,16726009.76
C684295480,16706094.57
C43514077,16701548.48
C1683710408,16701398.6
C1014679131,16695609.2
C1253828023,16694986.78
C888485554,16686476.23
C313668719,16685321.67
C217293176,16682731.66
C684935090,16679640.5
C52099901,16677748.65
C1772397863,16674865.4
C1323232560,16670855.26
C1244192934,16670022.85
C1550878145,16666125.72
C790041561,16659855.42
C1028613912,16655351.15
C1647498376,16651497.03
C150404492,16648079.09
C1445870726,16647652.62
C1369805237,16633219.06
C977638033,16628544.37
C2146002726,16625126.92
C932958883,16624775.92
C973218633,16617687.9
C960168077,16615306.77
C1168319124,16608538.12
C658546481,16604133.19
C232518469,16597418.54
C1512928781,16581465.58
C1864681639,16580284.62
C466891395,16562451.72
C1033310494,16543535.24
C1548156786,16519773.57
C748235847,16493019.53
C2054512784,16486387.51
C1161085118,16475933.0
C543857861,16449172.92
C1046824526,16441623.73
C1475366356,16436927.84
C597104192,16427257.96
C1904529240,16422030.98
C1583813909,16419838.01
C1310340507,16418694.93
C1149989245,16418135.57
C1133368284,16415868.45
C834389977,16407991.16
C517343666,16393386.11
C448636896,16344447.92
C975455989,16344175.86
C204258337,16343610.93
C411662526,16340861.99
C493508962,16339511.69
C949556221,16338563.84
C1082577868,16334860.62
C385774270,16333338.44
C2026288586,16332440.5
C339208167,16328404.07
C707666204,16323175.11
C1761067998,16314503.22
C1785577611,16309279.4
C1794930243,16304975.61
C206563448,16290130.74
C114844264,16271828.1
C1107446041,16269212.27
C1846132190,16259111.58
C563976130,16247306.87
C1570620611,16246736.47
C1704187575,16244227.2
C313080140,16240679.7
C955576824,16228411.02
C1507848494,16226297.58
C871153582,16225842.22
C1154383078,16219370.04
C1095413372,16214687.15
C873143215,16201420.47
C490962544,16198917.18
C777922542,16196621.29
C1609807743,16179521.43
C225814491,16170363.17
C1683113401,16160916.11
C639925408,16134314.81
C2072977830,16125190.92
C1336686775,16123628.32
C606497051,16120312.35
C441984477,16113881.4
C2089568630,16100867.16
C251005781,16092688.37
C1813644486,16084911.07
C1358294265,16083482.73
C101843774,16076941.34
C1309591282,16076755.97
C330328947,16056979.57
C1466023051,16050875.48
C529026106,16049366.13
C781771757,16046589.76
C1225841464,16042566.54
C278416360,16036862.19
C598203332,16026836.82
C1775541743,15995953.81
C961577000,15995268.32
C934183448,15985708.29
C979935450,15985656.36
C1425988274,15981081.93
C718364187,15960347.69
C1253804092,15947867.94
C1193826872,15939175.02
C1492073822,15938129.77
C1173769007,15931774.03
C1492622562,15919138.92
C855845998,15915504.03
C203919132,15907134.469999999
C331500736,15903493.86
C1733858736,15902950.96
C2007360267,15902751.65
C20830562,15901689.47
C1837657418,15878994.91
C707949401,15860017.75
C2075788304,15844381.06
C221759450,15828382.7
C80571844,15822130.17
C1785839533,15814790.9
C81916915,15814527.09
C1496691337,15786442.9
C183631913,15786062.84
C399983585,15754332.47
C828839160,15745965.17
C2137146762,15745706.17
C2009810132,15744976.32
C145658684,15740071.07
C1539451063,15733642.61
C1498137626,15726229.55
C1222152851,15724185.48
C689771980,15720094.3
C2078655271,15707557.55
C2129480120,15695847.49
C1357263744,15678029.21
C311259877,15671719.95
C859716258,15668498.62
C839057136,15657556.18
C1772174901,15656620.56
C1307687986,15648488.26
C377571159,15643466.65
C1337073142,15642925.24
C135588317,15641305.74
C2012631779,15633636.69
C1842185101,15626051.23
C1027368795,15596035.38
C2025542482,15589721.03
C342771228,15588339.32
C1489901184,15581774.13
C1456026586,15575200.37
C412435452,15573406.98
C1732336436,15567177.89
C525547853,15566422.81
C1822214239,15565195.61
C126132381,15564904.92
C692201731,15558032.29
C148580811,15557465.49
C2068955050,15552455.83
C1512215721,15552136.74
C133111369,15543785.83
C1064306813,15541844.34
C1299795752,15525380.28
C1323531024,15503697.11
C49701820,15503059.49
C414681777,15501286.48
C1247182605,15488604.7
C1497121623,15481136.53
C1998775050,15464548.36
C1391561617,15452990.41
C1207793578,15450012.64
C908437531,15438635.33
C874478710,15433989.3
C1686866340,15429456.6
C1298218181,15420309.33
C1731534234,15415938.31
C1079825850,15409779.56
C2030565248,15403445.1
C602861929,15398204.75
C1987404745,15395592.27
C1358912433,15389336.94
C266300209,15388732.36
C342059697,15386842.82
C1077341747,15381477.84
C1718326538,15378502.01
C1822614815,15367882.53
C1259414396,15361752.69
C94683374,15355748.18
C452313985,15354822.43
C263057187,15349330.65
C1147768581,15336664.75
C1130213018,15322288.7
C1759748566,15317239.16
C260511138,15313868.21
C544894468,15299604.6
C327762915,15293916.44
C1767012502,15275739.49
C1697526737,15274433.52
C1516212978,15264226.76
C437103388,15258238.08
C807381745,15256017.78
C966273313,15255668.93
C108368038,15255573.22
C756061556,15245730.92
C1700304208,15239204.89
C1194697054,15237111.13
C266734444,15229794.58
C56090320,15222880.76
C920507021,15213878.4
C2024608805,15210775.97
C423937426,15202210.25
C1813537708,15197405.76
C1753505198,15195478.39
C1127008481,15193493.58
C1836918220,15188490.34
C1917548743,15184380.69
C2039041492,15181014.03
C455998286,15179814.97
C1097157788,15177003.64
C813147886,15175436.89
C1601768700,15169330.4
C853004055,15157824.73
C1085720598,15149481.41
C1409294,15148617.19
C1525478845,15144194.92
C1581324626,15140533.17
C329129505,15137042.56
C1036914686,15132627.71
C2084413889,15124725.45
C1888799155,15123749.19
C448900048,15116218.46
C987642932,15115692.47
C1602871304,15101147.17
C680158042,15089746.9
C869767540,15083457.06
C1303502312,15077112.27
C499334537,15075184.97
C1026192878,15074101.27
C264560663,15066124.32
C2028256943,15058883.87
C1513479033,15044817.98
C593985052,15029078.94
C2098212882,15028493.03
C2079344194,15025465.62
C1886544249,15016660.66
C1904292362,15014131.75
C1801315723,15011270.52
C550982909,15010918.11
C948631322,14990858.1
C1414309133,14982482.66
C722336671,14972097.31
C497575737,14971546.82
C1086985682,14968934.74
C1738888087,14963247.08
C1348826772,14958911.46
C223609055,14955389.12
C543560506,14954604.44
C318991639,14952384.84
C974726479,14946561.52
C606958382,14945243.32
C79813575,14924359.02
C174598787,14921708.42
C1478283231,14916724.15
C1166289337,14912860.99
C2141373947,14910693.76
C188997606,14899337.83
C1755296967,14888476.82
C1550030184,14881211.12
C1324396591,14881053.0
C123878913,14879658.91
C1699594363,14874776.28
C1018882205,14863687.74
C2084296908,14861734.21
C1163892036,14854169.86
C1726418400,14853311.31
C1173914652,14847561.72
C395039087,14842791.41
C1000265553,14841068.83
C643740020,14838171.41
C1579911170,14837547.61
C595106415,14833415.54
C788759110,14828836.12
C1007841851,14818418.92
C1664081606,14790304.35
C94924602,14786915.95
C1967628328,14766471.07
C1241995873,14744068.23
C1872840947,14733965.06
C811136167,14725618.06
C712769619,14716713.1
C2108347964,14714092.27
C1196543984,14699964.81
C316001572,14696121.66
C694045771,14691140.68
C590489295,14689586.32
C1925549344,14685280.45
C382316120,14683044.84
C880658764,14682170.68
C1511816481,14681796.14
C568879090,14680785.2
C1249424884,14673854.49
C280291865,14673274.84
C155485087,14671956.33
C994101320,14665101.05
C1048697351,14661143.88
C14411521,14649549.33
C841355548,14644089.03
C302949052,14637917.14
C780511108,14636112.87
C850555360,14632239.37
C1417158213,14622423.71
C744686834,14619643.3
C807503923,14619148.48
C1997806194,14615841.11
C346533775,14600814.65
C1642965683,14599526.19
C1437390065,14591085.61
C602332398,14591051.76
C254776334,14575352.11
C1748033986,14573151.77
C1607717460,14571864.72
C1980839306,14571224.94
C829191817,14570331.13
C336831885,14562273.12
C1023903629,14542671.97
C406636210,14542577.56
C398669472,14534408.68
C2115610475,14527755.84
C39983192,14527354.85
C951853957,14525721.95
C590246613,14512520.62
C2140782508,14504267.21
C1914215444,14503336.39
C1489273154,14497149.13
C755110431,14493528.25
C840607329,14472855.11
C536767651,14467465.56
C248755549,14466445.72
C662971535,14458741.23
C1939665876,14454430.8
C1851498352,14452026.19
C1587228136,14431054.06
C1857584583,14427377.2
C956249312,14424619.35
C132461955,14421733.58
C1368963451,14406339.56
C47144998,14403177.62
C1557258060,14395641.25
C936386692,14391340.97
C2081714633,14379087.47
C1136562495,14371909.83
C594917056,14368001.78
C515813026,14346296.68
C1819933745,14329378.43
C1511757918,14326897.18
C244420220,14323380.37
C1638444720,14317740.19
C317810192,14313763.09
C1559251290,14312494.1
C1406609941,14304556.84
C1355086847,14303472.72
C510533023,14300713.62
C1595928228,14296002.92
C1719653359,14291816.93
C112439114,14289673.5
C978561141,14287227.78
C785285280,14286327.31
C1269369674,14286322.71
C167166506,14281791.92
C11074473,14270790.56
C270232395,14266741.58
C484723168,14266172.89
C1164219861,14263489.68
C1297813880,14259280.06
C857873521,14258424.88
C75206217,14257304.11
C1463049424,14256676.95
C295909564,14252334.7
C621242857,14241119.69
C267433594,14240028.56
C740789444,14235941.29
C520626363,14215384.63
C248895619,14214036.38
C1683256469,14204026.4
C1406478503,14203652.19
C13860833,14198178.66
C1111824779,14197430.07
C1728343097,14189901.64
C1635368267,14186848.93
C185209240,14185196.28
C1155959239,14183076.01
C153873766,14182032.29
C1833845326,14178909.92
C1555883414,14178439.04
C1700783520,14177340.13
C127804441,14166807.55
C874064953,14165272.59
C1015946711,14156884.34
C1169815325,14149871.39
C501698855,14148081.79
C757769793,14147225.05
C1648940239,14134782.55
C435736627,14124818.58
C382301751,14110780.99
C1941928680,14098362.98
C1835993430,14098352.52
C1347153292,14098349.99
C1551614277,14083770.74
C629542162,14081938.48
C527364887,14073010.12
C460576175,14068577.37
C1687942471,14065264.13
C126360174,14058328.87
C1362894854,14056577.33
C730972755,14052867.23
C529692739,14052800.58
C1881422556,14051185.12
C1631348776,14041944.77
C363203558,14025587.45
C2087679280,14015968.68
C704205641,14014460.95
C1107818863,14013267.71
C1532133350,14011884.22
C1587568335,14009952.21
C1129165586,14009315.37
C1719483666,14007119.73
C1818794863,14005338.43
C499359885,14003373.28
C1826140450,13996792.63
C782128694,13995824.54
C1128065168,13992816.36
C93664170,13987050.41
C1274394094,13979938.68
C1597262786,13971837.73
C650008110,13968999.99
C992524594,13941537.61
C1211694311,13936969.09
C984130284,13931354.24
C1929732399,13923960.81
C379931666,13922066.62
C1862746949,13919089.65
C1177525019,13918121.72
C1029289827,13917334.94
C41116549,13911701.66
C1273388493,13910290.54
C551104754,13904656.4
C753068737,13901143.94
C723245251,13883987.62
C957644788,13866280.94
C2126179585,13859419.62
C895800192,13858886.48
C1470309363,13857930.96
C757801156,13849394.93
C649349214,13844953.91
C1846345736,13840388.54
C2129765797,13837136.08
C1687587052,13826464.67
C1846021450,13822917.37
C2081606366,13816193.2
C1133709329,13815844.29
C158892010,13812351.28
C637601184,13807836.63
C1274740928,13807174.68
C1596936737,13803882.12
C1628279285,13800312.02
C1349307179,13800041.82
C903880377,13779600.73
C947257260,13777314.48
C107163285,13776460.76
C254091437,13765825.62
C1698695771,13761588.8
C1410519387,13760635.91
C290731848,13756644.2
C608189261,13751923.17
C440570628,13747010.05
C473289604,13733232.95
C809979700,13732908.05
C1287022784,13724914.31
C1396424045,13711004.9
C1478534135,13707803.41
C1367964333,13702487.69
C1748002708,13698515.81
C872876496,13694059.18
C1699785789,13692161.89
C659281199,13690207.63
C593312723,13681755.83
C1300682729,13679668.33
C994167434,13673099.17
C684508774,13673000.83
C315791959,13669954.36
C1781403119,13653830.79
C1989994352,13651683.19
C44966082,13648302.72
C726217649,13646122.39
C996883473,13637318.14
C1571033712,13633766.24
C1061980637,13629727.05
C575970576,13629271.99
C1767645960,13628355.45
C496216502,13620968.66
C1876304975,13615650.88
C918789312,13608394.16
C265488344,13608249.37
C2055519027,13588564.09
C1524903518,13568676.03
C434906044,13557848.02
C661299941,13553172.94
C1953100208,13532720.03
C1779165885,13532504.1
C1987293082,13530653.75
C2046332895,13529296.74
C1432793930,13524908.75
C1566419505,13522923.02
C1258001599,13517622.44
C1273636748,13514515.37
C1965567777,13508450.04
C904905786,13490943.09
C1674763447,13490364.04
C649761430,13482227.01
C1365416060,13478983.16
C1317349785,13466931.49
C1194172777,13465379.94
C714989222,13463097.38
C673859360,13444720.32
C390011186,13437838.07
C1600032449,13435591.18
C27346694,13431928.94
C516722861,13420262.16
C248163048,13420034.5
C562520840,13419829.59
C156544352,13414507.19
C1724927440,13404938.79
C723700738,13404242.22
C60371225,13403578.91
C1169144755,13400392.65
C1604877964,13399843.84
C1583333530,13394035.07
C957568978,13387938.5
C572332517,13384109.74
C1445253170,13374840.49
C1550591382,13364222.86
C797986788,13363860.78
C102887612,13349785.99
C228880345,13349756.52
C959898313,13340462.21
C1475502304,13337879.06
C102436798,13332128.62
C2139988800,13330308.34
C101648180,13329708.88
C27393111,13323579.16
C1575817529,13320598.72
C1582613626,13308743.31
C777432470,13302821.36
C1351257727,13298554.59
C214674995,13296666.7
C650473049,13295574.51
C756552870,13293062.73
C1547880251,13291592.82
C1525862640,13278678.73
C1581671762,13274324.83
C540308877,13271839.54
C1283974785,13269798.4
C1578741470,13260574.8
C2006421064,13257492.94
C1771534040,13229209.13
C153152648,13221291.77
C219247186,13203325.06
C510497312,13196249.38
C345729752,13193520.82
C1576443943,13185941.64
C1299337840,13167339.11
C1880789802,13165662.66
C1352217264,13162024.19
C576081879,13153639.92
C603645583,13143438.91
C1061582681,13143162.22
C1042810505,13136123.06
C363553459,13135465.49
C693226425,13124053.34
C268038715,13112091.84
C765459082,13111611.09
C2056824402,13100458.52
C1568279192,13100451.79
C808664970,13098067.99
C786246448,13092398.22
C85005248,13090896.68
C442102695,13088305.56
C277427192,13085094.14
C870125077,13081243.38
C517566190,13079449.24
C1526666125,13075478.55
C355442130,13056223.66
C533453603,13052857.24
C224755910,13036577.07
C994240170,13031590.95
C1083158873,13025641.08
C855203377,13019915.5
C367784538,13018604.5
C1054957283,13005466.49
C2017373478,12995346.88
C351117966,12987080.08
C1355542030,12980228.51
C874090500,12973587.93
C1294983999,12955231.65
C1935005426,12947945.88
C255727228,12941646.12
C1791567939,12940209.14
C807782883,12938843.31
C77911787,12937671.47
C1189327638,12929324.59
C1655235522,12928482.72
C133840396,12926248.09
C1849086938,12925611.86
C1128330768,12914507.01
C262512882,12902302.27
C3382653,12894199.33
C300157062,12892667.77
C770409383,12889398.44
C2107569181,12888972.65
C1007380383,12877795.1
C1008919530,12876234.06
C95037285,12859200.97
C144094208,12858977.81
C525265861,12843137.85
C345621090,12837708.33
C1330296659,12829040.99
C59893697,12818694.29
C1193225325,12818183.61
C177281412,12816054.21
C727615682,12811610.23
C945643063,12811287.04
C738077226,12795415.44
C1374854953,12781122.15
C392816672,12775389.93
C1157601223,12771125.93
C2465299,12754619.58
C1696392608,12745729.19
C271352793,12741006.72
C625858321,12736799.7
C2033822174,12734331.43
C1464026182,12731933.46
C311723408,12730398.71
C1550551316,12722343.18
C925666223,12719539.06
C2046634469,12703417.76
C1741403464,12702785.75
C1157071391,12702544.81
C168435627,12694312.62
C1911481396,12688177.06
C951912356,12688076.96
C932808592,12682117.82
C1399462652,12680663.35
C1754081976,12680663.3
C1687783982,12677638.3
C1101393026,12671681.77
C175221222,12670593.2
C2056387426,12668129.48
C1216557745,12654505.9
C981649161,12653781.97
C1491072050,12651948.74
C1802357327,12641396.74
C1264221449,12633773.46
C1770931490,12633214.15
C1801593160,12631582.19
C967097737,12626012.86
C2029502544,12619011.46
C784952256,12616090.01
C1540501829,12612700.86
C401094879,12606960.92
C1012227761,12604371.29
C367303293,12602020.1
C1783596476,12594139.08
C258516890,12592604.38
C1143407439,12589109.49
C1870912576,12587763.53
C1707004416,12586320.8
C1148783251,12578650.92
C1464944926,12575179.78
C89578686,12570489.4
C1710515759,12567001.41
C6999516,12566919.54
C1536851784,12565524.78
C2043685670,12546274.42
C1278484653,12543584.39
C1910098081,12543280.35
C827172561,12542815.25
C1882563155,12539093.34
C494886408,12538691.51
C1419408401,12535708.58
C1925439958,12530447.65
C1959329453,12522964.9
C1437199563,12514555.84
C1454514766,12510968.65
C364231073,12497722.21
C844077813,12488118.58
C1743084907,12486282.93
C1271616438,12482372.2
C552543486,12481435.75
C669715507,12478763.02
C1298405028,12476718.96
C1461915143,12475017.35
C2141787784,12467165.9
C738044522,12464745.56
C1984507579,12460898.78
C527156902,12453591.46
C827002654,12447019.83
C1960731439,12434345.12
C1959864593,12431098.3
C1598538386,12426218.43
C1558745543,12423646.27
C1660450811,12421751.53
C350496319,12420229.35
C255961556,12407319.65
C458166245,12406120.94
C77304066,12402225.39
C1925373180,12401181.59
C11018848,12393233.01
C1092123750,12390905.61
C510263448,12388383.64
C1143980643,12384263.01
C1126247533,12376715.88
C1407839798,12375689.05
C309158260,12374510.64
C60060100,12374255.99
C211630766,12364008.92
C1260005688,12357645.11
C447099528,12344977.92
C2129749767,12339104.84
C2053433231,12337967.42
C134143397,12334550.2
C270570646,12331239.09
C787819848,12330137.94
C1677638789,12327147.13
C79371699,12310042.35
C472944800,12307454.53
C1760588193,12304495.56
C809798528,12293745.98
C1109875106,12277853.32
C88302862,12275161.12
C2043812594,12270483.59
C1398319396,12268613.64
C1947724779,12266870.45
C210628644,12261532.49
C1115041861,12258801.24
C1246050650,12257582.41
C368471295,12245600.29
C685009525,12243696.38
C1348639703,12242602.25
C2117568769,12242508.16
C1402143193,12240506.29
C1872896906,12239295.4
C1688064291,12231831.86
C1021792231,12230166.44
C380313268,12225901.29
C704784860,12220640.81
C900900795,12216604.67
C1104969706,12214561.51
C2122774929,12212834.67
C1654360760,12194622.56
C103197495,12192709.01
C155711851,12187350.04
C1531441988,12186851.35
C1404432932,12176636.84
C606200032,12175598.95
C653031004,12170139.43
C630950149,12166167.28
C2068689754,12164486.41
C2031941773,12162482.02
C1145569778,12157895.81
C1091905593,12156934.52
C628741588,12155750.18
C2042224944,12149290.16
C1667943708,12147741.41
C2137765044,12142413.05
C15171165,12128506.7
C43386306,12123343.63
C990911030,12121752.47
C479415130,12110647.06
C661524593,12108870.76
C1541618534,12108707.29
C876307531,12108631.39
C1115719144,12107537.1
C534492644,12091615.93
C541312210,12090911.06
C240477245,12084748.36
C1608119660,12080715.37
C802542915,12078609.57
C1691632508,12076300.52
C1954296379,12059367.31
C1043526146,12036348.56
C760993401,12036162.7
C588443257,12032104.78
C108616258,12031729.34
C202536143,12029222.6
C298518338,12027016.25
C2055557760,12024455.3
C1466199968,12022101.21
C1882643051,12021471.87
C1045451885,12012625.01
C394829574,12010443.98
C1198045036,12009732.36
C27202733,12007325.5
C1916830745,12004374.08
C1220505915,11997957.55
C26370533,11997765.63
C722284090,11997712.98
C1457242327,11988065.84
C1993145705,11977321.49
C1681640173,11973276.09
C438654743,11970460.55
C1315555367,11964175.75
C371762975,11963358.83
C35948839,11956632.29
C942200250,11953025.44
C38808582,11947135.53
C592573218,11942990.8
C1169008681,11942142.89
C167802540,11941912.65
C110734830,11940909.86
C2080110247,11940570.22
C1341037533,11934721.88
C1721909176,11933987.81
C2078949423,11929668.14
C1231085329,11915169.74
C787714800,11912392.82
C411267318,11898136.42
C708541292,11884645.65
C1639624327,11877080.81
C1319330366,11864125.65
C1006613977,11863291.66
C1661362303,11854180.28
C1075495483,11853967.26
C627474186,11852843.3
C935293474,11839632.55
C1752996296,11836771.71
C259671542,11836226.04
C1296892652,11834953.8
C711214156,11827804.14
C1219825132,11813179.04
C2014611408,11812400.58
C1183308154,11807840.93
C965932871,11807133.44
C1345182969,11797240.17
C1568396035,11790761.29
C1302624770,11787108.91
C353988189,11778344.16
C1278401460,11773733.08
C2129831271,11765194.61
C119249595,11763994.1
C888667953,11745023.53
C821057443,11728630.74
C1956097911,11728285.69
C218019093,11726169.08
C871279366,11713242.27
C794612330,11705145.12
C2065152771,11697915.93
C819795347,11697020.84
C1749215115,11694357.78
C672097187,11692451.37
C574612578,11683410.99
C458986645,11679759.21
C229225524,11679321.15
C11474557,11676055.13
C100947865,11673390.71
C1687521672,11669966.22
C2029484312,11667612.81
C1649396060,11660696.02
C1841184333,11655400.48
C1085024836,11654895.86
C1374217946,11653596.73
C90869605,11647516.53
C1467138405,11639042.7
C2068720585,11632984.38
C524699527,11619719.26
C1406157241,11619081.81
C1650303981,11617025.85
C1290679634,11616191.4
C175574547,11615918.47
C2133383169,11613071.77
C791618016,11610932.02
C476875907,11604137.57
C1284151917,11602335.26
C1465610533,11589321.13
C113180383,11586890.21
C600052967,11579383.26
C92320663,11576573.7
C571452356,11573352.84
C1928443,11558295.92
C471393242,11552235.68
C310939640,11537186.92
C1731391331,11526663.1
C1850666678,11523806.47
C241605849,11522974.87
C1598987031,11506304.11
C666194231,11494780.67
C1339074204,11485651.45
C645436289,11485212.25
C1236320672,11483700.59
C808568965,11480342.13
C1693482588,11475760.16
C1131769956,11468937.06
C2114458147,11464742.16
C1756611709,11452843.69
C1257609113,11445203.11
C1821010413,11444517.53
C1207355297,11441620.58
C453868679,11438639.02
C1224564368,11432713.25
C1759155174,11424745.36
C1220327895,11413486.81
C797071807,11409458.45
C1564475238,11394702.86
C1035905037,11393523.94
C1257273417,11385715.6
C1560989258,11383671.5
C1347058652,11382817.12
C486015444,11377538.47
C1487422082,11376816.99
C431054535,11368244.85
C75141704,11368206.77
C1952791506,11362543.24
C309123290,11359293.0
C1200099282,11358463.65
C1165924078,11357535.73
C19913028,11356787.97
C2024036215,11354188.67
C956024775,11342725.74
C430625573,11331492.66
C777600513,11330319.03
C1440927883,11330258.86
C639720880,11329833.13
C1864238711,11325881.53
C798942429,11319302.05
C1631303569,11318928.28
C796652346,11318103.16
C657610085,11312485.1
C2047193741,11311792.68
C1973486493,11303677.37
C342527351,11303170.01
C70679306,11298391.06
C1349843744,11291624.69
C104115719,11290020.88
C657488310,11287861.69
C636314127,11276930.61
C401608262,11276592.96
C2146326459,11273082.8
C352156726,11272969.56
C614229842,11271297.97
C969782162,11270068.2
C2132967188,11269729.01
C613659848,11268104.52
C878288620,11264727.91
C1923623530,11261214.44
C86207734,11260035.85
C996215188,11256777.7
C796746820,11254460.15
C1822346672,11252588.83
C1993768127,11248515.63
C1911688068,11241580.48
C1776132584,11234532.31
C229495997,11232720.17
C1493678807,11227363.9
C1096377039,11226427.3
C1309434283,11226247.29
C1584420337,11221254.75
C1357728763,11213879.78
C222893403,11207730.74
C1631045730,11207372.93
C976209907,11203744.37
C1612841475,11197218.23
C1876602336,11196139.9
C2132249914,11191250.21
C1194963727,11188500.16
C1402440400,11174951.42
C2051712317,11174049.7
C223164707,11170921.22
C1901281948,11170869.76
C447550220,11169683.18
C1035032556,11168873.7
C240441427,11168575.21
C1180724281,11155731.09
C1550047549,11153295.89
C957667257,11148041.96
C223988547,11144171.11
C622497686,11143272.82
C662983471,11135382.25
C1038022045,11132655.74
C1392324248,11125013.28
C182680382,11124415.54
C1001113728,11123682.18
C270676402,11120020.52
C1403514901,11119667.19
C1021000778,11117426.6
C1799095850,11115460.68
C1007366902,11113103.25
C1593776580,11106913.59
C1094032928,11102143.13
C1237828116,11095790.44
C109712560,11094737.8
C837077508,11093726.44
C1831789253,11093224.65
C934337815,11092482.7
C2041869427,11089168.14
C1149481217,11085448.47
C959061644,11082575.08
C1006683173,11082388.08
C970125150,11081949.59
C809832888,11079778.4
C1363068060,11078422.59
C2055391869,11078184.17
C1064106373,11076117.67
C1069997878,11070893.88
C1090141070,11070777.75
C1477974854,11070304.56
C71613793,11068226.2
C1185768866,11062193.17
C1308454947,11061393.83
C1141916189,11060916.25
C188534650,11060358.9
C380091631,11057632.05
C1273271485,11057271.23
C1946550564,11050732.49
C2004198469,11043543.81
C517053913,11041682.12
C424197644,11028032.37
C270065460,11026196.01
C1670305433,11024312.84
C709808887,11019946.95
C2015673112,11008535.01
C712733431,10998313.83
C1147575066,10987593.25
C2042980311,10987154.05
C392595320,10985002.32
C2090078581,10981519.63
C1490621818,10980400.44
C1539208020,10979835.62
C807901354,10975255.51
C326426987,10973367.41
C286043745,10965275.51
C75655687,10963697.47
C2091699129,10963634.64
C1885765280,10962524.01
C428291777,10961659.19
C2031260847,10958178.21
C1502994963,10947438.59
C2127973094,10947358.37
C1774384389,10947038.45
C1493437902,10934722.64
C927782816,10927868.84
C1987249296,10925239.68
C1824954998,10924347.41
C2129406785,10923643.9
C588245828,10913402.24
C1524150976,10899172.73
C2145844945,10897810.46
C358546790,10895052.37
C1803111508,10893697.21
C204644683,10888832.3
C1982440519,10887606.15
C121640816,10884346.82
C1167678487,10883118.63
C1427486038,10877741.57
C294115458,10876880.5
C1898217794,10876717.14
C1223572558,10876334.3
C507710832,10872420.35
C1135678825,10870824.72
C100560040,10870245.32
C1245149786,10864525.2
C1464583292,10864149.35
C1884081262,10859844.36
C210607951,10853226.59
C127393947,10850977.83
C711248598,10849786.32
C978038884,10848568.76
C37092198,10848128.05
C393964236,10845136.99
C1967996051,10841968.36
C1050462483,10837075.13
C533804707,10835859.55
C2145404548,10832567.31
C965804502,10832215.07
C637864371,10828110.87
C1637965487,10823064.67
C1644293399,10822477.95
C834019699,10822222.7
C1588735679,10820489.49
C968987367,10819702.17
C1454179715,10817627.49
C70240867,10802031.23
C482871324,10797736.38
C420484324,10796148.16
C2022416562,10789555.49
C511628324,10788660.51
C1771185034,10779858.11
C796840883,10771616.38
C1710765332,10768561.9
C1062706530,10768370.44
C304193778,10763498.27
C1648504953,10759838.77
C754309122,10758528.6
C1801433740,10757150.66
C367663811,10754348.15
C226258817,10753246.93
C596514602,10746654.43
C805515442,10740830.67
C1627584667,10735210.14
C249287820,10733655.22
C1092530759,10731404.48
C227685057,10725661.53
C869504847,10723064.77
C2102451892,10722674.96
C1387409198,10711635.58
C367960372,10706504.0
C194791149,10701292.57
C819906240,10695331.24
C1595018215,10674029.76
C2102862857,10672623.76
C227898223,10672110.89
C1936833907,10671545.54
C532603370,10669544.77
C348016971,10665663.91
C1156260037,10663025.79
C2138012218,10658545.99
C1314157652,10650250.68
C2067660325,10649293.04
C1282046802,10648650.16
C35763816,10641352.99
C2000604967,10640201.76
C500742655,10638219.19
C1753539254,10632825.37
C1281931145,10632766.77
C893978658,10630986.66
C1367280721,10630623.56
C1041572162,10627366.85
C934796561,10626864.53
C1670779854,10626314.75
C390021007,10623352.79
C1279180958,10618210.91
C932438488,10616669.79
C373310335,10615185.58
C956143075,10612512.55
C1676650484,10611878.49
C1654497000,10608907.16
C328804970,10600015.18
C680973669,10598894.46
C1482404821,10593229.37
C1065696598,10585340.92
C219590744,10582800.33
C718286599,10577775.61
C1899083664,10567855.0
C2079759404,10564443.71
C1430973929,10556435.91
C172715748,10551047.15
C181957728,10550175.95
C249787948,10539162.77
C1378535216,10533976.74
C1067179736,10527140.29
C890548818,10525878.59
C1367703815,10515843.56
C1238927421,10509797.74
C1610762749,10508353.13
C1055256801,10504872.74
C1107601654,10503437.78
C159486301,10502674.93
C1292911450,10496325.24
C920102122,10495807.12
C1802822382,10492910.05
C910311413,10483850.34
C1872671318,10483424.39
C1617494528,10482159.11
C400200528,10474129.35
C1204812129,10459105.01
C987923651,10450664.13
C234540263,10446855.51
C959820391,10433697.37
C1774602596,10432705.09
C627322103,10420967.94
C1715301150,10417909.49
C530543095,10417666.26
C1290836394,10415462.78
C56210059,10411637.79
C368871468,10392575.36
C632578338,10384913.87
C1563477282,10373986.62
C169819969,10373558.89
C324817493,10372963.8
C1835952163,10367319.82
C1904695529,10363029.13
C1676374984,10361667.81
C1019385992,10357587.91
C2133689791,10355819.01
C2001814595,10353792.59
C1909594583,10353705.71
C1954476345,10353313.08
C1164857173,10350570.43
C1742540565,10346132.19
C1391037939,10329574.75
C1099850916,10326120.94
C316656451,10321310.2
C1535157478,10320904.45
C1816910986,10316222.26
C1152126562,10313515.8
C1375448409,10307676.65
C1466187000,10292556.8
C726899222,10277828.0
C1257969771,10275655.77
C1739818582,10273225.28
C551507328,10269971.83
C135872076,10269221.01
C1429236567,10266664.35
C1433205280,10263186.87
C843170089,10260159.01
C1673917779,10249050.51
C566898560,10248417.32
C1803806266,10247022.33
C1528331662,10238776.52
C1133401031,10236347.66
C1564623574,10227704.17
C1322002422,10220044.32
C1189668033,10218694.29
C818877495,10215301.01
C844635702,10212021.61
C1130566295,10209112.17
C1676087171,10207036.46
C552313381,10206535.84
C1687412018,10206060.88
C630325975,10201153.43
C113093152,10192452.11
C150057886,10190900.57
C47060392,10189810.91
C1281527659,10185473.64
C1534192110,10184411.46
C792862953,10170467.29
C628495448,10165024.11
C655477402,10163871.32
C1701148806,10160152.85
C118779137,10157480.72
C1815670101,10154102.16
C978557066,10152298.24
C1359825698,10148855.53
C1620846221,10147567.64
C557830535,10146741.68
C599479552,10146725.58
C672946389,10146300.53
C1262681097,10140981.9
C976148503,10134227.88
C578173787,10132607.15
C1490613220,10131846.95
C412545521,10131139.97
C688084858,10130962.38
C426960452,10100156.46
C1700847769,10098320.71
C419121298,10097118.93
C1511635024,10092260.82
C1839941061,10090398.81
C1037961127,10079894.57
C1880851454,10074768.83
C2103690293,10070693.24
C1406394486,10064510.32
C716282075,10060190.94
C992182474,10056779.15
C371791790,10054537.27
C1711334636,10047225.86
C2001411190,10046160.12
C1056229375,10043306.7
C1277370019,10038469.87
C499341147,10037452.78
C191100812,10035212.0
C710742328,10033239.47
C116944847,10033220.22
C1579597641,10031084.73
C1138640961,10029727.9
C24467751,10029201.62
C1395709156,10023787.14
C2031794094,10022963.12
C554925674,10020916.14
C1608696929,10017140.99
C1501242727,10016802.33
C95632518,10014779.26
C86825595,10012914.87
C433308667,10012627.96
C2127359133,10007044.0
C1407147946,10004764.8
C420964932,10003369.24
C1320447263,10002376.11
C2137629092,10001912.39
